{
    "trans_en": "ENG",
    "trans_fr": "FR",
    "home": "Home",
    "login": "Login",
    "forgot_password": "Forgot password",
    "example_placeholder": "example@gmail.com",
    "sign_in": "Sign-in",
    "password": "Password",
    "email": "Email",
    "loading": "Loading...",
    "see_more": "See More",
    "submit": "Submit",

    "dashboard": "Dashboard",
    "products": "Products",
    "product": "Product",
    "add": "Add",
    "edit": "Edit",
    "mark_status": "Mark status",
    "available": "Available",
    "in_stock": "In-Stock",
    "out_of_stock": "Out of Stock",
    "ranks": "Ranks",
    "rank": "Rank",
    "rank_details": "Rank details",
    "registration_packages": "Registration Packages",
    "registration_package_type": "Registration Package Type",
    "order_history": "Order History",
    "maintenance_packages": "Maintenance Packages",
    "qualified_ranks": "Qualified Ranks",
    "qualified_rank_details": "Qualified rank details",
    "qualified_pool": "Qualified Pool",
    "qualified_pool_details": "Qualified Pool Details",
    "bonus_withdrawal": "Bonus Withdrawal",
    "upgrades": "Upgrades",
    "distributors": "Distributors",
    "stockists": "Stockists",
    "requests": "Requests",
    "profile": "Profile",
    "logout": "Logout",
    "upload_image": "Upload Image",
    "upload_description": "Uploaded image will show here",
    "product_details": "Product details",
    "name": "Name",
    "quantity": "Quantity",
    "price": "Price",
    "enlish": "English",
    "french": "French",
    "save": "Save",
    "status": "Status",
    "stock_availability": "Stock availability",
    "stock_availability_des": "Are you sure you want to update stock availability of this",
    "award": "Award",
    "give_award": "Give award",
    "give_award_description": "Are you sure you want to award distributor",
    "add_package": "Add Package",
    "available_packages": "Available Packages",
    "create_package": "Create Package",
    "edit_package": "Edit Package",
    "available_types": "Available Types",
    "add_package_type": "Add Package Type",
    "package": "Package",
    "type": "Type",
    "total_products": "Total Products",
    "edit_type": "Edit Type",
    "create_type": "Create Type",
    "select_preferred_package": "Select preferred package",
    "no_registration_package_message": "No package available at the moment, please add",
    "add_product": "Add Product",
    "available_products": "Available Products",
    "select_product": "Select product",
    "no_product_message": "No product available at the moment",
    "close": "Close",
    "view": "View",
    "available_stockists": "Available Stockists",
    "add_stockist": "Add Stockist",
    "upload": "Upload",
    "duration_in_months": "Duration In Months",
    "add_maintenance_package": "Add Maintenance Package",
    "edit_maintenance_package": "Edit Maintenance Package",
    "product_number": "Product number",
    "period": "Period",
    "in_months": "In Months",
    "cutoff": "Cut Off",
    "select_country": "Select country",
    "phone_number": "Phone number",
    "wave_number": "Wave number",
    "distributor_wave_info": "If you don't have a wave number, we advice you speak to your upline so that you can use his wave number in-case he/she has. If not we advice you get one since all bonus to be paid will require a wave number",
    "membership_package": "Membership Package",
    "select_membership_package": "Select membership package",
    "your_details": "Your details",
    "sponsor": "Sponsor",
    "country": "Country",
    "select_package_type": "Select package type",
    "all_rights_reserved": "All rights reserved",
    "international": "International",
    "downline_details": "Downline Details",
    "leadership_weekly_point": "Leadership Weekly Point",
    "leadership_description": "Are you sure you want to transfer leadership bonus",
    "account_maintenance": "Gestion du compte",
    "rank_award": "Rank award",
    "active": "Active",
    "suspend": "Suspend",
    "registration_btn_action": "Please note that this action might take a while to complete, so we advice you take your time. Thank you",
    "complete_upgrade_process": "Complete Upgrade Process",

    "maintenance_message_1": "Your current maintenance will expire in the next :dayCount day(s)",
    "maintenance_message_2": "Your current maintenance package has expired.",
    "maintenance_message_3": "Your current maintenance has already expired for the passed :dayCount day(s) now.",
    "maintenance_message_4": "We advice you do you maintenance to not miss out on the following benefits",
    "maintenance_message_5": "Failure to do your maintenance, will only qualify you for the following bonus",
    "send": "Send",

    "sponsor_notice": "Please ensure the following information are very accurate",
    "sponsor_notice_1": "Your email, as we will send you your login credentials",
    "sponsor_notice_2": "Wave number. If you don't have one we advice you use your upline's wave number but he needs to be aware",

    "reset_password": "Reset Password",

    "my_tree": "My Tree",
    "my_tree_error": "Something went wrong, please refresh page and try again",
    "portfolio": "Portfolio",
    "add_distributor": "Add Distributor",
    "refer_distributor": "Refer Distributor",
    "complan": "Complan",
    "left_referral_link": "Left Referral Link",
    "right_referral_link": "Right Referral Link",
    "distributor_id": "Distributor ID",
    "upgrade_history": "Upgrade History",
    "previous_package": "Previous Package",

    "register_now": "Register Now",
    "register_description": "To be part of our big family",

    "current_package": "Current Package",
    "current_rank": "Current Rank",
    "maintenance_state": "Maintenance State",
    "welcome_back": "Welcome back",
    "copied": "Copied",
    "referred_members": "Referred Members",
    "overall_history": "Overall History",
    "total_orders": "Total Orders",
    "total_commission": "Total Commission",
    "current_balance": "Current Balance",

    "purchase_product": "Purchase Product",
    "select_stockist": "Select stockist",
    "purchase_now": "Purchase Now",
    "product_description": "Product description",
    "left": "Left",
    "right": "Right",
    "upgrade": "Upgrade",

    "remaining_days": "Remaining Days",
    "choose_package": "Choose Package",
    "continue": "Continue",
    "month": "Month",
    "maintenance_selection_description": "You will be sent to the product page to select your preferred products to complete process",
    "select_products": "Select products",

    "low_quantity_products": "Low Quantity Products",
    "total_requests": "Total Requests",
    "pending_orders": "Pending Orders",
    "distributor": "Distributor",
    "date_time": "Date & Time",
    "withdrawal_amount": "Withdrawal Amount",
    "new_package": "New Package",
    "leadership": "Leadership",
    "amount": "Amount",
    "awarded": "Awarded",
    "pending": "Pending",
    "total_withdrawals": "Total Withdrawals",
    "approved": "Approved",
    "filter_by": "Filter By",
    "all": "All",
    "order_type": "Order Type",
    "order_details": "Order details",

    "registration": "Registration",
    "maintenance": "Maintenance",
    "normal": "Normal",
    "deduction": "Deduction",
    "amount_paid": "Amount Paid",
    "city": "City",
    "approve_withdrawal": "Approve Withdrawal",
    "approve_withdrawal_description": "Are you sure you want to approve this withdrawal?",
    "suspended_users": "Suspended Users",
    "upline": "Upline",
    "provide_distributor_details": "Provide distributor details",
    "cart_items": "Cart Items",
    "no_item_description": "No items in cart at the moment",
    "add_to_cart": "Add to cart",
    "total_quantities": "Total Quantities",
    "complete_orders": "Complete Orders",
    "details": "Details",
    "portfolio_details": "Portfolio Details",
    "transfer_wallet": "Transfer Wallet",
    "commission_wallet": "Commission Wallet",
    "leadership_wallet": "Leadership Wallet",
    "personal_wallet": "Personal Wallet",
    "total_withdrawal_wallet": "Total Withdrawal Wallet",
    "personal_details": "Personal Details",
    "date_joined": "Date Joined",
    "leg": "Leg",
    "left_leg": "Left Leg",
    "right_leg": "Right Leg",
    "membership_package_type": "Membership Package Type",
    "upgrade_packages": "Upgrade Packages",
    "next_package": "Next Package",
    "total_transfer": "Total transfer",

    "what_are_these": "What are these?",
    "current_balance_description": "Used for registration, reorder, and maintenance",
    "personal_wallet_description": "Accumulates all commissions made from personal purchase",
    "leadership_wallet_description": "Accumulates all commission made from leadership bonus",
    "commission_wallet_description": "The following bonuses are transferred here, Cash back, Referral,  Upgrade Bonus, Binary Bonus and Personal Purchase Bonus. Withdrawals are performed here",
    "withdrawal_description": "Accumulates all withdrawal amounts",

    "transaction_history": "Transaction History",
    "withdraw": "Withdraw",
    "request_withdrawal": "Request Withdrawal",
    "withdrawal_request_info": "Every withdrawal attracts 5% deduction on the amount to withdrawal",
    "request": "Request",
    "withdrawal_code": "Withdrawal Code",
    "personal_information": "Personal Information",
    "change_password": "Change Password",
    "withdrawal_pin": "Withdrawal Pin",
    "current_password": "Current Password",
    "new_password": "New Password",
    "confirm_password": "Confirm Password",
    "pin": "PIN",
    "current_pin": "Current PIN",
    "new_pin": "New PIN",
    "confirm_pin": "Confirm PIN",
    "pin_info": "Create withdrawal pin to allow smooth withdrawals",

    "withdrawal_notice": "We are receiving all withdrawal request today. Don't be left out to cash out on your commission.",
    "complete": "Complete",
    "yes": "Yes",
    "no": "No",
    "leadership_bonus": "Leadership Bonus",

    "total_referral": "Total Referral",
    "total_left_bv": "Total Left BV",
    "total_right_bv": "Total Right BV",

    "search": "Search",
    "see_my_tree": "See my tree",
    "search_by_id": "Search by id",

    "referred_distributors": "Referred Distributors",
    "transfer_commission": "Transfer Commission",
    "weekly_bv_point": "Weekly Bv Point",
    "total_amount": "Total Amount",
    "qualified_distributors": "Qualified Distributors",
    "unqualified_distributors": "Unqualified Distributors",

    "opportunity": "Opportunity",
    "opportunity_info": "Find out how you can earn whiles being a member of this big family",

    "faqs": "FAQs",
    "faqs_heading": "Frequently Asked Questions",
    "faqs_info": "Find out what yourself and others are also asking. Read more below",

    "about_us": "About Us",
    "about_us_info": "Below are information about our core values, mission, vision and etc.",

    "contact_us": "Contact Us",
    "contact_us_info": "Reach out to us with the information below",

    "footer_copyright": "DreamForLyf International 2024 | All rights reserved",

    "product_info": "Take a look at our available products that are currently available for sales",
    "subject": "Subject",
    "message": "Message",
    "contact_form_heading": "Send us a message",
    "read_more": "Read More",

    "who_are_we": "Who are we",
    "home_info_desc_1": "DREAM FOR LYF is a top Ayurvedic health company that sells herbal supplements, sports nutri on, personal care, and wellness products.",
    "home_info_desc_2": "We focus on con nuous development, manufacturing, marketing, and distribution to ensure high-quality products.",

    "home_about_desc": "DREAM FOR LYF strives to improve the lives of its customers, partners and distributors around the world by providing products that promote well-being and a highly enriching lifestyle.",
    "home_product_desc": "Our products provides the following health benefits, helps in weight management, promotes acne free skin, promotes better lungs health, provides normal air passage and more",
    "home_opportunity_desc": "Wondering what this opportunity is all about, how to be part of the chain, how you can earn and how to future proof yourself? Use the link below",

    "our_core_values": "Our Core Values",

    "integrity": "Integrity",
    "integrity_message": "The truth above all. The truth in everything. Integrity in thought, speech and action.",

    "sustainability": "Sustainability",
    "sustainability_message": "We are simply the guardians of the next generation. We must preserve, maintain and revive our youth, our community, our country and our environment.",

    "service": "Service",
    "service_message": "We serve to lead and lead to serve. Service to all is our credo.",

    "mission": "Mission",
    "mission_message": "Help and listen to all our customers, partners and distributors around the world by offering them high quality products and services and giving them all the support possible to succeed in this relationship marketing industry (direct sales) with our company DREAM FOR LYF.",

    "vision": "Vision",
    "vision_message": "Change the lives of more than a billion people around the world by allowing them to achieve financial freedom from the state of extreme poverty to wealth (material, physical, moral, mental) and completely make their family happy and above all be a source of blessings for humanity.",

    "rytsh": "RYTSH",
    "rytsh_message": "The life and works of these four great world icons Mahatma Gandhi, Nelson Mandela, Martin Luther King and Mother Teresa, humanitarian leaders and activists, greatly inspired and motivated the founders of DREAM FOR LYF. Their teachings and good deeds laid the foundation for RYTSH (Raise Yourself to Save Humanity). The idea of giving others the means, the hope and the faith to succeed in order to succeed is at the heart of our activity, our thinking and our daily actions.",

    "in_service": "In Service",
    "in_service_message": "We advocate the concept of In-Service as an important characteristic of leadership. Our Founders instilled a very strong culture of service before self, both among employees and in the network. We believe that serving others with humility is the true mark of a leader and champion.",

    "faqs_question_1": "WHAT IS DREAM FOR LYF?",
    "faqs_answer_sec_1": "DREAM FOR LYF is a relationship marketing company (direct sales) which offers a wide range of products in the areas of: Ayurveda food supplements (plant-based), health, well-being, personal care via a platform e-commerce. DREAM FOR LYF'S products are made to help people live healthier and improve their lifestyles and livelihoods. The multinational conglomerate is based in India and DREAM FOR LYF is the official distributor.",
    "faqs_answer_sec_2": "It's started its operations in Africa and in the coming years it will expand its relationship marketing activities (direct sales). In addition to providing quality products, DREAM FOR LYF customers can also benefit from the relationship marketing activity (direct sales) offered by DREAM FOR LYF by promoting its products to others (Families, Friends and acquaintances). Millions of satisfied customers in several cities and countries have become independent distributors of DREAM FOR LYF products by earning commissions on product sales.",

    "faqs_question_2": "IS DREAM FOR LYF AN ONLINE INVESTMENT SITE (ONLINE BUSINESS)?",
    "faqs_answer_2_sec_1": "NO. We are a legitimate relationship marketing (direct selling) business where you only pay to purchase products. If you are interested in becoming a distributor of DREAM FOR LYF products, you can send us a mail at ",
    "faqs_answer_2_sec_2": "If anyone has misrepresented our company or any of our DREAM FOR LYF products, please report it to us by sending an email to",

    "faqs_question_3": "SHOULD I RECRUIT OTHER PEOPLE TO MAKE MONEY?",
    "faqs_answer_3_sec_1": "YES. You can recruit as many people as you want, but DREAM FOR LYF only recommends two people to whom you can sell our products and start building your team. When your system becomes automatic; this is the goal of all distributors you can earn very large commissions every day, week and month without recruiting anyone your whole life.",
    "faqs_answer_3_sec_2": "However, please know that the innovation of our plan allows you as a distributor in your beginnings as a new person when you join our company DREAM FOR LYF by purchasing our products to earn a first commission only once without having first recruited person.",
    "faqs_answer_3_sec_3": "This bonus is called: BUY AND EARN (REGISTER AND EARN). But if you want to earn enough money from sales commissions, build your team by continuing to recruit and above all train your team members so that they become like you so that your system becomes automatic. Recruitment in relational marketing (direct sales) is not for life with just two business partners you can build your system and succeed, you just need to train them so that they become like you better than you.",

    "faqs_question_4": "WHAT IS DIRECT SELLING?",
    "faqs_answer_4_sec_1": "Direct selling is a method of marketing and retailing goods and services directly to consumers, at their homes or other locations away from permanent retail premises. This type of sales depends largely on word of mouth.",
    "faqs_answer_4_sec_2": "Products sold through direct sales companies have unique features and are exclusive to the company and are not available in malls or department stores.",
    "faqs_answer_4_sec_3": "The direct selling industry has thrived on this relationship marketing for over 150 years. Around 100 million people worldwide are involved in this industry on a part- time and full-time basis.",

    "faqs_question_5": "SO WHY NOT JOIN DREAM FOR LYF AND START MAKING MONEY WITH US?",
    "faqs_answer_5_sec_1": "Let's say you get dressed by a talented fashion designer in your neighbourhood who creates tailor-made outfits to meet your exact needs and those of all of his clients. To increase its turnover, it wishes to exploit your network of contacts (Family, Friends, Colleagues, Acquaintances) to recommend its services and help promote its products.",
    "faqs_answer_5_sec_2": "The principle of your partnership is simple and here it is: for each parent, friend, colleague and acquaintance to whom you recommend their services and who comes to sew their clothes at home in their workshop, you have a percentage of 10% on the turnover generated.",
    "faqs_answer_5_sec_3": "For example, if your best friend, who already appreciates the quality of sewing of your shirts, pants and others, agrees to come and sew his clothes for your designer and pays 100 dollars, you have a commission of 10 dollars. This is valid for each order from your friend.",
    "faqs_answer_5_sec_4": "You explain the same principle to your friend who agrees to do the same thing with his friends, family, colleagues, acquaintances. And so on.",
    "faqs_answer_5_sec_5": "In this partnership, you earn just like your designer. From then on, you are in a win-win partnership. Using the designer's products (Shirts, Pants, Suits, etc.) and recommending them to your loved ones is what we call word-of-mouth marketing or relationship marketing (direct sales).",
    "faqs_answer_5_sec_6": "Today, many companies are leveraging this marketing system to increase their revenue and increase their market share internationally and globally. One of his companies and the best one currently is called DREAM FOR LYF.",

    "faqs_question_6": "HOW CAN I MAKE MONEY WITH DREAM FOR LYF?",
    "faqs_answer_6_sec_1": "The only way to earn income with DREAM FOR LYF is to sell products to at least two people and build your team. Once you use our products, like them, and recommend others to buy them, you can earn commissions on actual sales. DREAM FOR LYF uses a compensation plan that calculates commissions payable to you based on the sales volume generated by your team on our e-commerce portal.",
    "faqs_answer_6_sec_2": "Many entrepreneurs have taken advantage of our business model to build large sales teams and grow a successful business.",

    "faqs_question_7": "HOW LONG CAN I EARN MONEY WITH DREAM FOR LYF?",
    "faqs_answer_7_sec_1": "Direct selling is an activity like any other. This is not a get-rich-quick scheme. To succeed in this profession, you must work hard, seriously, be patient, committed, be concentrated and focused on your goals. This business gives you the opportunity to become an entrepreneur.",
    "faqs_answer_7_sec_2": "The only difference is that you don't have to worry about a large-scale start-up cost or operational overhead like a traditional business. Your success depends entirely on you and the hard work you put in.",

    "faqs_question_8": "POSSIBILITY OF FLEXIBLE WORK AND SELF-EMPLOYMENT",
    "faqs_answer_8_sec_1": "The direct selling industry laid the foundation for what we know today as the gig economy and has paved the way for flexible working and self-employment opportunities for over a century.",
    "faqs_answer_8_sec_2": "This is an exciting industry that offers you a personalized business model to sell your products or services without the constraints of a traditional retail outlet.",

    "getting_started": "Getting Started",
    "getting_started_desc": "When joining the group, you will need to select your preferred package listed below",

    "bonus_explanations": "Bonus Explanations",
    "bonus_explanations_desc": "Once you are a member the following bonus are available for you to earn",

    "cash_back": "Cash Back",
    "cash_back_desc": "Right after becoming a member, you earn a cash back of 6% calculation on your selected package",

    "referral_commission": "Referral Commission",
    "referral_commission_desc": "You can also earn by referring new members to the system. Earnings travel to your third generation in your tree and it's as follows, first generation 25%, second generation 3% and third generation 2%",

    "upgrade_bonus": "Upgrade Bonus",
    "upgrade_bonus_desc": "Bonus sharing is just as the referral commission but this is only earned when any of your downlines upgrade from their current package to another package",

    "binary_bonus": "Binary Bonus",
    "binary_bonus_desc": "You earn a calculated amount of 12.5% on every accumulated BV point into your weaker leg",

    "personal_purchase": "Personal Purchase",
    "personal_purchase_desc": "10% on the your purchase is paid back to your as bonus and (BVs go and match into the binary bonus into the weaker leg of all the leaders above you).",

    "maintenance_bonus": "Maintenance Bonus",
    "maintenance_bonus_desc": "As part of our business model, we always advice our users to try as much as they can to maintain their account to always be eligible for bonus",

    "leadership_bonus_desc": "To earn this bonus, you will have to have either of these package: Senior, Executive & Vip Club. Based on your accumulated bv into your weaker leg each week, a percentage is calculated and paid as bonus",

    "award_bonus": "Awards Bonus",
    "award_bonus_desc": "Upon your accumulated BV in both legs, you stand a chance of winning awards.",

    "pool_bonus": "Pool Bonus",
    "pool_bonus_desc": "We share profit every year to the top leaders who achieve the conditions given by the company."
}
