{
    "trans_en": "ENG",
    "trans_fr": "FR",
    "home": "Maison",
    "login": "Se connecter",
    "forgot_password": "Mot de passe oublié",
    "example_placeholder": "exemple@gmail.com",
    "sign_in": "Se connecter",
    "password": "Mot de passe",
    "email": "E-mail",
    "loading": "Chargement...",
    "see_more": "Voir plus",
    "submit": "Soumettre",

    "dashboard": "Tableau de bord",
    "products": "Des produits",
    "product": "Produit",
    "add": "Ajouter",
    "edit": "Modifier",
    "mark_status": "Statut de la marque",
    "available": "Disponible",
    "in_stock": "En stock",
    "out_of_stock": "En rupture de stock",
    "ranks": "Rangs",
    "rank": "Rang",
    "rank_details": "Détails du classement",
    "registration_packages": "Forfaits d'inscription",
    "registration_package_type": "Types de forfaits d'inscription",
    "order_history": "Historique des commandes",
    "maintenance_packages": "Forfaits d'entretien",
    "qualified_ranks": "Rangs qualifiés",
    "qualified_rank_details": "Détails du classement qualifié",
    "qualified_pool": "Bassin qualifié",
    "qualified_pool_details": "Détails du pool qualifié",
    "bonus_withdrawal": "Retrait du bonus",
    "upgrades": "Mises à niveau",
    "distributors": "Distributeurs",
    "stockists": "Revendeurs",
    "requests": "Demandes",
    "profile": "Profil",
    "logout": "Se déconnecter",
    "upload_image": "Télécharger une image",
    "upload_description": "L'image téléchargée s'affichera ici",
    "product_details": "Détails du produit",
    "name": "Nom",
    "quantity": "Quantité",
    "price": "Prix",
    "enlish": "Anglais",
    "french": "Français",
    "save": "Sauvegarder",
    "status": "Statut",
    "stock_availability": "Disponibilité des stocks",
    "stock_availability_des": "Etes-vous sûr de vouloir mettre à jour la disponibilité en stock de ce",
    "award": "Prix",
    "give_award": "Donner un prix",
    "give_award_description": "Êtes-vous sûr de vouloir récompenser le distributeur",
    "add_package": "Ajouter un paquet",
    "available_packages": "Forfaits disponibles",
    "create_package": "Créer un package",
    "edit_package": "Modifier le paquet",
    "available_types": "Types disponibles",
    "add_package_type": "Ajouter un type de package",
    "package": "Emballer",
    "type": "Taper",
    "total_products": "Produits Totaux",
    "edit_type": "Modifier le type",
    "create_type": "Créer un type",
    "select_preferred_package": "Sélectionnez le forfait préféré",
    "no_registration_package_message": "Aucun forfait disponible pour le moment, veuillez ajouter",
    "add_product": "Ajouter un produit",
    "available_products": "Produits disponibles",
    "select_product": "Sélectionner un produit",
    "no_product_message": "Aucun produit disponible pour le moment",
    "close": "Fermer",
    "view": "Voir",
    "available_stockists": "Revendeur disponible",
    "add_stockist": "Ajouter un revendeur",
    "upload": "Télécharger",
    "duration_in_months": "Durée en mois",
    "add_maintenance_package": "Ajouter un package de maintenance",
    "edit_maintenance_package": "Modifier le package de maintenance",
    "product_number": "Numéro de produit",
    "period": "Période",
    "in_months": "En mois",
    "cutoff": "Couper",
    "select_country": "Choisissez le pays",
    "phone_number": "Numéro de téléphone",
    "wave_number": "Numéro de vague",
    "distributor_wave_info": "Si vous n'avez pas de numéro d'onde, nous vous conseillons d'en parler à votre parrain afin que vous puissiez utiliser son numéro d'onde au cas où il l'aurait. Sinon, nous vous conseillons de vous en procurer un car tout bonus à payer nécessitera un numéro de vague.",
    "membership_package": "Forfait d'adhésion",
    "select_membership_package": "Sélectionnez le forfait d'adhésion",
    "your_details": "Vos détails",
    "sponsor": "Parrainer",
    "country": "Pays",
    "select_package_type": "Sélectionnez le type de forfait",
    "all_rights_reserved": "Tous droits réservés",
    "international": "Internationale",
    "downline_details": "Détails de la descendance",
    "leadership_weekly_point": "Point hebdomadaire sur le leadership",
    "leadership_description": "Êtes-vous sûr de vouloir transférer le bonus de leadership",
    "account_maintenance": "Gestion du compte",
    "rank_award": "Récompense de rang",
    "active": "Actif",
    "suspend": "Suspendre",
    "registration_btn_action": "Veuillez noter que cette action peut prendre un certain temps, nous vous conseillons donc de prendre votre temps. Merci",
    "complete_upgrade_process": "Processus de mise à niveau complet",
    "total_transfer": "Transfert total",

    "maintenance_message_1": "Votre maintenance actuelle expirera dans les :dayCount prochains jours",
    "maintenance_message_2": "Votre forfait de maintenance actuel a expiré.",
    "maintenance_message_3": "Votre maintenance actuelle a déjà expiré depuis :dayCount jours passés.",
    "maintenance_message_4": "Nous vous conseillons de faire votre entretien pour ne pas manquer les avantages suivants",
    "maintenance_message_5": "Le fait de ne pas effectuer votre maintenance vous qualifiera uniquement pour le bonus suivant",
    "send": "Envoyer",

    "sponsor_notice": "Veuillez vous assurer que les informations suivantes sont très exactes",
    "sponsor_notice_1": "Votre email, car nous vous enverrons vos identifiants de connexion",
    "sponsor_notice_2": "Numéro de vague. Si vous n'en avez pas, nous vous conseillons d'utiliser le numéro de vague de votre upline mais il doit en être conscient.",

    "reset_password": "Réinitialiser le mot de passe",

    "my_tree": "Mon arbre",
    "my_tree_error": "Quelque chose s'est mal passé, veuillez actualiser la page et réessayer",
    "portfolio": "Portefeuille",
    "add_distributor": "Ajouter un distributeur",
    "refer_distributor": "Référer le distributeur",
    "complan": "Compliment",
    "left_referral_link": "Lien de parrainage gauche",
    "right_referral_link": "Lien de référence droit",
    "distributor_id": "Numéro de distributeur",
    "upgrade_history": "Historique des mises à niveau",
    "previous_package": "Forfait précédent",

    "register_now": "S'inscrire maintenant",
    "register_description": "Faire partie de notre grande famille",

    "current_package": "Forfait actuel",
    "current_rank": "Rang actuel",
    "maintenance_state": "État de maintenance",
    "welcome_back": "Content de te revoir",
    "copied": "Copié",
    "referred_members": "Membres référés",
    "overall_history": "Histoire globale",
    "total_orders": "Total des commandes",
    "total_commission": "Commission totale",
    "current_balance": "Solde actuel",

    "purchase_product": "Acheter un produit",
    "select_stockist": "Sélectionnez un revendeur",
    "purchase_now": "Achetez maintenant",
    "product_description": "Description du produit",
    "left": "Gauche",
    "right": "Droit",
    "upgrade": "Mise à niveau",

    "remaining_days": "Jours restants",
    "choose_package": "Choisir le forfait",
    "continue": "Continuer",
    "month": "Mois",
    "maintenance_selection_description": "Vous serez redirigé vers la page produit pour sélectionner vos produits préférés pour terminer le processus.",
    "select_products": "Sélectionner des produits",

    "low_quantity_products": "Produits en faible quantité",
    "total_requests": "Demande totale",
    "pending_orders": "Les ordres en attente",
    "distributor": "Distributeur",
    "date_time": "Date et heure",
    "withdrawal_amount": "Montant de retrait",
    "new_package": "Nouveau forfait",
    "leadership": "Direction",
    "amount": "Montant",
    "awarded": "Récompensé",
    "pending": "En attente",
    "total_withdrawals": "Retraits totaux",
    "approved": "Approuvé",
    "filter_by": "Filtrer par",
    "all": "Tout",
    "order_type": "Type de commande",
    "order_details": "Détails de la commande",

    "registration": "Inscription",
    "maintenance": "Entretien",
    "normal": "Normale",

    "deduction": "Déduction",
    "amount_paid": "Le montant payé",
    "city": "Ville",
    "approve_withdrawal": "Approuver le retrait",
    "approve_withdrawal_description": "Êtes-vous sûr de vouloir approuver ce retrait?",
    "suspended_users": "Utilisateurs suspendus",
    "upline": "En amont",
    "provide_distributor_details": "Fournir les détails du distributeur",
    "cart_items": "Articles du panier",
    "no_item_description": "Aucun article dans le panier pour le moment",
    "add_to_cart": "Ajouter au panier",
    "total_quantities": "Quantités totales",
    "complete_orders": "Terminer les commandes",
    "details": "Détails",
    "portfolio_details": "Détails du portefeuille",
    "transfer_wallet": "Portefeuille de transfert",
    "commission_wallet": "Portefeuille de commissions",
    "leadership_wallet": "Portefeuille de leadership",
    "personal_wallet": "Portefeuille personnel",
    "total_withdrawal_wallet": "Portefeuille de retrait total",
    "personal_details": "Détails personnels",
    "date_joined": "Date d'adhésion",
    "leg": "Jambe",
    "left_leg": "La jambe gauche",
    "right_leg": "Jambe droite",
    "membership_package_type": "Type de forfait d'adhésion",

    "what_are_these": "Qu'est-ce que c'est",
    "current_balance_description": "Utilisé pour l'enregistrement, la commande et la maintenance",
    "personal_wallet_description": "Accumule toutes les commissions provenant des achats personnels",
    "leadership_wallet_description": "Accumule toutes les commissions provenant du bonus de leadership",
    "commission_wallet_description": "Les bonus suivants sont transférés ici, Cash back, Parrainage, Bonus de mise à niveau, Bonus binaire et Bonus d'achat personnel. Les retraits s'effectuent ici",
    "withdrawal_description": "Accumule tous les montants de retrait",
    "upgrade_packages": "Forfaits de mise à niveau",
    "next_package": "Forfait suivant",

    "transaction_history": "Historique des transactions",
    "withdraw": "Retirer",
    "request_withdrawal": "Demande de retrait",
    "withdrawal_request_info": "Chaque retrait donne droit à une déduction de 5% sur le montant du retrait",
    "request": "Demande",
    "withdrawal_code": "Code de retrait",
    "personal_information": "Informations personnelles",
    "change_password": "Changer le mot de passe",
    "withdrawal_pin": "Épinglette de retrait",

    "current_password": "Mot de passe actuel",
    "new_password": "Nouveau mot de passe",
    "confirm_password": "Confirmez le mot de passe",
    "pin": "ÉPINGLE",
    "current_pin": "Code PIN actuel",
    "new_pin": "Nouvelle épingle",
    "confirm_pin": "Confirmer le code PIN",
    "pin_info": "Créer une épingle de retrait pour permettre des retraits fluides",

    "withdrawal_notice": "Nous recevons toutes les demandes de retrait aujourd'hui. Ne soyez pas en reste pour encaisser votre commission.",
    "complete": "Complet",
    "yes": "Oui",
    "no": "Non",
    "leadership_bonus": "Prime de leadership",

    "total_referral": "Références totales",
    "total_left_bv": "Total Gauche BV",
    "total_right_bv": "Total Droit BV",

    "search": "Recherche",
    "see_my_tree": "Voir mon arbre",
    "search_by_id": "Rechercher par identifiant",

    "referred_distributors": "Distributeurs référencés",
    "transfer_commission": "Commission de transfert",
    "weekly_bv_point": "Point Bv hebdomadaire",
    "total_amount": "Montant total",
    "qualified_distributors": "Distributeurs qualifiés",
    "unqualified_distributors": "Distributeurs non qualifiés",

    "opportunity": "Opportunité",
    "opportunity_info": "Découvrez comment gagner de l'argent tout en faisant partie de cette grande famille",

    "faqs": "FAQs",
    "faqs_heading": "Questions fréquemment posées",
    "faqs_info": "Découvrez ce que vous et les autres demandez également. Lire la suite ci-dessous",

    "about_us": "À propos de nous",
    "about_us_info": "Vous trouverez ci-dessous des informations sur nos valeurs fondamentales, notre mission, notre vision, etc.",

    "contact_us": "Contactez-nous",
    "contact_us_info": "Contactez-nous avec les informations ci-dessous",

    "footer_copyright": "DreamForLyf 2024 International | Tous droits réservés",

    "product_info": "Jetez un oeil à nos produits disponibles actuellement disponibles à la vente",

    "our_core_values": "Nos Valeurs Fondamentales",

    "subject": "Sujet",
    "message": "Message",
    "contact_form_heading": "Envoie-nous un message",
    "read_more": "En savoir plus",

    "who_are_we": "Qui sommes nous",
    "home_info_desc_1": "DREAM FOR LIFE est une grande entreprise de santé ayurvédique qui vend des suppléments à base de plantes, de la nutrition sportive, des soins personnels et des produits de bien-être.",
    "home_info_desc_2": "Nous nous concentrons sur le développement, la fabrication, le marketing et la distribution continus pour garantir des produits de haute qualité.",

    "home_about_desc": "DREAM FOR LYF s'efforce d'améliorer la vie de ses clients, partenaires et distributeurs du monde entier en proposant des produits qui favorisent le bien-être et un style de vie très enrichissant.",
    "home_product_desc": "Nos produits offrent les bienfaits suivants pour la santé, aident à la gestion du poids, favorisent une peau sans acné, favorisent une meilleure santé pulmonaire, assurent un passage d'air normal et plus encore.",
    "home_opportunity_desc": "Vous vous demandez en quoi consiste cette opportunité, comment faire partie de la chaîne, comment gagner de l'argent et comment vous préparer pour l'avenir? Utilisez le lien ci-dessous",

    "integrity": "Intégrité",
    "integrity_message": "La vérité avant tout. La vérité en tout. Intégrité dans la pensée, la parole et l'action.",

    "sustainability": "Durabilité",
    "sustainability_message": "Nous sommes simplement les gardiens de la prochaine génération. Nous devons préserver, maintenir et ressusciter notre jeunesse, notre communauté notre pays ainsi que notre environnement.",

    "service": "Service",
    "service_message": "Nous servons pour diriger et dirigeons pour servir. Le service à tous est notre credo.",

    "mission": "Mission",
    "mission_message": "Aider et être à l'écoute de tous nos clients, partenaires et distributeurs à travers le monde en leur offrant des produits et des services de haute qualité et en leur donnant tout le soutien possible pour qu'ils réussissent dans cette industrie de marketing relationnel (vente directe) avec notre entreprise DREAM FOR LYF.",

    "vision": "Vision",
    "vision_message": "Changer la vie de plus d'un milliard de personnes à travers le monde en leur permettant d'atteindre la liberté financière quitté l'état de pauvreté extrême à la richesse (matérielle, physique, morale, mentale) et rendre totalement leur famille heureuse et surtout être une source de bénédictions pour l'humanité.",

    "rytsh": "RYTSH",
    "rytsh_message": "La vie et les œuvres de ces quatre grandes icônes mondiales Mahatma Gandhi, Nelson Mandela, Martin Luther King et Mère Térésa des leaders humanitaires et activiste ont beaucoup inspiré et motivé les fondateurs de DREAM FOR LYF. Leurs enseignements et leurs bonnes actions ont jeté les bases de RYTSH (Raise Yourself to Save Humanity). L'idée de donner aux autres les moyens, l'espoir et la foi de réussir est au cœur de notre activité, notre pensée et nos actions quotidienne.",

    "in_service": "In Service",
    "in_service_message": "Nous préconisons le concept de In-Service comme une caractéristique importante du leadership. Nos Fondateurs ont inculqué une très forte culture du service avant soi, tant chez les collaborateurs que dans le réseau. Nous pensons que servir les autres avec humilité est la véritable marque d'un leader et d'un champion.",

    "faqs_question_1": "QU'EST-CE QUE DREAM FOR LYF?",
    "faqs_answer_sec_1": "DREAM FOR LYF est une société de marketing relationnel (vente directe) qui propose une large gamme de produits dans les domaines: Compléments alimentaires ayurvédiques (à base de plantes), santé, bien-être, soins personnels via une plateforme d'e-commerce. Les produits DREAM FOR LYF sont conçus pour aider les gens à vivre en meilleure santé et à améliorer leur mode de vie et leurs moyens de subsistance. Le conglomérat multinational est basé en Inde et DREAM FOR LYF est le distributeur officiel.",
    "faqs_answer_sec_2": "Elle a débuté ses opérations en Afrique et dans les années à venir, elle étendra ses activités de marketing relationnel (vente directe). En plus de fournir des produits de qualité, les clients DREAM FOR LYF peuvent également bénéficier de l'activité de marketing relationnel (vente directe) proposée par DREAM FOR LYF en faisant la promotion de ses produits auprès des autres (Familles, Amis et connaissances). Des millions de clients satisfaits dans plusieurs villes et pays sont devenus des distributeurs indépendants des produits DREAM FOR LYF en gagnant des commissions sur les ventes de produits.",

    "faqs_question_2": "DREAM FOR LYF EST-IL UN SITE D'INVESTISSEMENT EN LIGNE (BUSINES EN LIGNE)?",
    "faqs_answer_2_sec_1": "NON. Nous sommes une entreprise légitime de marketing relationnel (vente directe) dans laquelle vous ne payez que pour acheter des produits. Si vous souhaitez devenir distributeur des produits DREAM FOR LYF, vous pouvez nous envoyer un mail à ",
    "faqs_answer_2_sec_2": "Si quelqu'un a dénaturé notre entreprise ou l'un de nos produits DREAM FOR LYF, veuillez nous le signaler en envoyant un e-mail à ",

    "faqs_question_3": "DOIS-JE RECRUTER D'AUTRES PERSONNES POUR GAGNER DE L'ARGENT?",
    "faqs_answer_3_sec_1": "OUI. Vous pouvez recruter autant de personnes que vous voulez mais l'entreprise DREAM FOR LYF vous recommande seulement deux personnes à qui vous pouvez vendre nos produits et commencer à construire votre équipe. Lorsque que votre système devient automatique: tel est l'objectif de tous distributeurs vous pouvez gagner de très grandes commissions chaque jour, semaine et mois sans recruter personne toute votre vie.",
    "faqs_answer_3_sec_2": "Cependant sachez que l'innovation de notre plan vous permet en tant que distributeur dans vos débuts en tant que nouvelle personne lorsque vous rejoignez notre entreprise DREAM FOR LYF en achetant nos produits de gagner une première commission une seule fois sans avoir tout d'abord recruté personne. Ce bonus s'appelle : ACHETER ET GAGNER (REGISTER AND EARN).",
    "faqs_answer_3_sec_3": "Mais si vous voulez gagner assez d'argent de commissions sur les ventes construisez votre équipe en continuant de recruter et surtout former les membres de votre équipe afin qu'ils deviennent comme vous de sorte que vote système devienne automatique. Le recrutement dans le marketing relationnel (vente directe) n'est pas à vie avec juste deux partenaires d'affaires vous pouvez construire votre système et réussir il vous suffit de les former afin qu'ils deviennent comme vous mieux plus que vous.",

    "faqs_question_4": "QU'EST CE QUE LA VENTE DIRECTE?",
    "faqs_answer_4_sec_1": "La vente directe est une méthode de commercialisation et de vente au détail de biens et de services directement aux consommateurs, à leur domicile ou dans tout autre endroit éloigné des locaux de vente au détail permanents. Ce type de ventes dépend en grande partie du bouche-à-oreille.",
    "faqs_answer_4_sec_2": "Les produits vendus par l'intermédiaire de sociétés de vente directe ont des caractéristiques uniques et sont exclusifs à l'entreprise et ne sont pas disponibles dans les centres commerciaux ou les grands magasins.",
    "faqs_answer_4_sec_3": "Le secteur de la vente directe a prospéré grâce à ce marketing relationnel depuis plus de 150 ans. Environ 100 millions de personnes dans le monde sont impliquées dans cette industrie à temps partiel et à temps plein.",

    "faqs_question_5": "DONC POURQUOI NE PAS REJOINDRE DREAM FOR LYF ET COMMENCER À GAGNER DE L'ARGENT AVEC NOUS?",
    "faqs_answer_5_sec_1": "Supposons que vous vous habillez chez un talentueux couturier de votre quartier qui crée des tenues sur-mesure pour répondre exactement à vos besoins et à ceux de l'ensemble de ses clients. Pour accroître son chiffre d'affaires, il souhaite exploiter votre réseau de contacts (Famille, Amis, Collègues, Connaissances) pour recommander ses services et aider à promouvoir ses produits.",
    "faqs_answer_5_sec_2": "Le principe de votre partenariat est simple et le voici: pour chaque parent, ami(e), collègue et connaissances à qui vous recommanderez ses services et qui viendra coudre ses habits chez lui dans son atelier, vous avez un pourcentage de 10% sur le chiffre d'affaires généré.",
    "faqs_answer_5_sec_3": "Par exemple, si votre meilleur ami, qui apprécie déjà la qualité de couture de vos chemises, pantalons et autres, accepte de venir coudre ses vêtements chez votrecouturier et débourse 50.000 FCFA, vous avez une commission 5.000 FCFA. Ceci est valable pour chaque commande de votre ami.",
    "faqs_answer_5_sec_4": "Vous expliquez le même principe à votre ami qui accepte de faire la même chose avec ses ami(e)s, famille, collègues, connaissances. Et ainsi de suite.",
    "faqs_answer_5_sec_5": "Dans ce partenariat, vous gagnez tout comme votre couturier. Dès lors, vous êtes dans un partenariat gagnant-gagnant. L'utilisation des produits du couturier (Chemises, Pantalons, Costumes etc.) et leur recommandation à vos proches, c'est ce que nous appelons le marketing de bouche-à-oreille ou marketing relationnel (vente directe).",
    "faqs_answer_5_sec_6": "Aujourd'hui, de nombreuses entreprises exploitent ce système de marketing pour accroître leur chiffre d'affaires et augmenter leur part de marché à l'échelle internationale et mondiale. L'une de ses entreprises et la meilleure actuellement se nomme DREAM FOR LYF.",

    "faqs_question_6": "COMMENT PUIS-JE GAGNER DE L'ARGENT AVEC DREAM FOR LYF?",
    "faqs_answer_6_sec_1": "La seule façon de gagner un revenu avec DREAM FOR LYF est de vendre des produits à deux personnes au minimum et construire votre équipe. Une fois que vous utilisez nos produits, que vous les appréciez et que vous recommandez à d'autres personnes de les acheter, vous pouvez gagner des commissions sur les ventes réelles. DREAM FOR LYF utilise un plan de rémunération qui calcule les commissions qui vous sont payables en fonction du volume de ventes généré par votre équipe sur notre portail de commerce électronique.",
    "faqs_answer_6_sec_2": "De nombreux entrepreneurs ont profité de notre modèle commercial pour constituer de grandes équipes de vente et développer une entreprise prospère.",

    "faqs_question_7": "EN COMBIEN DE TEMPS PUIS JE GAGNER DE L'ARGENT AVEC DREAM FOR LYF?",
    "faqs_answer_7_sec_1": "La vente directe est une activité comme une autre. Il ne s'agit pas d'un plan pour devenir riche rapidement. Pour réussir dans ce métier, vous devez travailler dur, sérieusement, être patient, engagé, être concentré et focalisé sur vos objectifs. Cette entreprise vous donne la possibilité de devenir entrepreneur.",
    "faqs_answer_7_sec_2": "La seule différence est que vous n'avez pas à vous soucier d'un coût de démarrage à grande échelle ni de frais généraux opérationnels comme dans une entreprise traditionnelle. Votre réussite dépend entièrement de vous et du travail acharné que vous y consacrez.",

    "faqs_question_8": "POSSIBILITE DE TRAVAIL FLEXIBLE ET D'AUTO EMPLOI",
    "faqs_answer_8_sec_1": "Le secteur de la vente directe a jeté les bases de ce que nous appelons aujourd'hui l'économie des petits boulots et a ouvert la voie aux opportunités de travail flexible et de travail indépendant depuis plus d'un siècle.",
    "faqs_answer_8_sec_2": "Il s'agit d'un secteur passionnant qui vous offre un modèle commercial personnalisé pour vendre vos produits ou services sans les contraintes d'un point de vente au détail traditionnel.",

    "getting_started": "Commencer",
    "getting_started_desc": "Lorsque vous rejoignez le groupe, vous devrez sélectionner votre forfait préféré ci-dessous.",

    "bonus_explanations": "Explications des bonus",
    "bonus_explanations_desc": "Une fois que vous êtes membre, les bonus suivants sont disponibles pour que vous puissiez gagner",

    "cash_back": "Remise en argent",
    "cash_back_desc": "Juste après être devenu membre, vous bénéficiez d'une remise en argent de 6% sur le forfait sélectionné",

    "referral_commission": "Commission de référencement",
    "referral_commission_desc": "Vous pouvez également gagner en référant de nouveaux membres au système. Les gains se déplacent jusqu'à votre troisième génération dans votre arbre et se répartissent comme suit, première génération 25%, deuxième génération 3% et troisième génération 2%",

    "upgrade_bonus": "Bonus de mise à niveau",
    "upgrade_bonus_desc": "Le partage de bonus est similaire à la commission de parrainage, mais celui-ci n'est gagné que lorsque l'un de vos downlines passe de son forfait actuel à un autre forfait.",

    "binary_bonus": "Bonus binaire",
    "binary_bonus_desc": "Vous gagnez un montant calculé de 12.5% sur chaque point BV accumulé dans votre jambe la plus faible.",

    "personal_purchase": "Achat personnel",
    "personal_purchase_desc": "10% sur votre achat vous sont remboursés sous forme de bonus et (les BV vont et correspondent au bonus binaire dans la jambe la plus faible de tous les leaders au-dessus de vous).",

    "maintenance_bonus": "Bonus d'entretien",
    "maintenance_bonus_desc": "Dans le cadre de notre modèle commercial, nous conseillons toujours à nos utilisateurs d'essayer autant que possible de maintenir leur compte pour toujours être éligibles aux bonus.",

    "leadership_bonus_desc": "Pour gagner ce bonus, vous devrez disposer de l'un ou l'autre de ces forfaits: Senior, Executive et VIP Club. Sur la base de votre bv accumulé dans votre jambe la plus faible chaque semaine, un pourcentage est calculé et payé en bonus.",

    "award_bonus": "Bonus de récompenses",
    "award_bonus_desc": "Grâce à votre BV accumulé dans les deux jambes, vous avez une chance de gagner des récompenses.",

    "pool_bonus": "Bonus de piscine",
    "pool_bonus_desc": "Nous partageons les bénéfices chaque année avec les plus hauts dirigeants qui remplissent les conditions fixées par l'entreprise."
}
